{"stats":{"minecraft:dropped":{"minecraft:stone_axe":1,"minecraft:netherite_pickaxe":2},"minecraft:used":{"minecraft:netherite_sword":9,"minecraft:wooden_axe":3,"minecraft:glowstone":1,"minecraft:stone_sword":2,"minecraft:cobblestone":34,"minecraft:lantern":4,"minecraft:chicken":1,"minecraft:spruce_slab":5,"minecraft:spruce_stairs":11,"minecraft:barrier":154,"minecraft:quartz_block":2,"minecraft:spruce_planks":6,"minecraft:stone_brick_wall":3,"minecraft:light":19,"minecraft:splash_potion":8,"minecraft:oak_log":7,"minecraft:barrel":2},"minecraft:custom":{"minecraft:time_since_rest":184896,"minecraft:crouch_one_cm":1643,"minecraft:play_time":184896,"minecraft:sprint_one_cm":23058,"minecraft:damage_taken":260,"minecraft:walk_one_cm":42845,"minecraft:sneak_time":3839,"minecraft:mob_kills":7,"minecraft:drop":3,"minecraft:jump":304,"minecraft:damage_dealt":1094,"minecraft:leave_game":8,"minecraft:walk_on_water_one_cm":253,"minecraft:time_since_death":184896,"minecraft:total_world_time":184896,"minecraft:open_barrel":3,"minecraft:fall_one_cm":1064,"minecraft:fly_one_cm":505991},"minecraft:killed":{"minecraft:skeleton":1,"minecraft:pillager":2,"minecraft:chicken":1,"minecraft:wolf":1},"minecraft:picked_up":{"minecraft:white_banner":1,"minecraft:bone":2,"minecraft:arrow":1,"minecraft:ominous_bottle":1,"minecraft:chicken":1,"minecraft:stone_axe":1}},"DataVersion":4189}