{"minecraft:recipes/decorations/torch":{"criteria":{"has_stone_pickaxe":"2025-04-08 19:40:43 +0000"},"done":true},"minecraft:story/upgrade_tools":{"criteria":{"stone_pickaxe":"2025-04-08 19:40:43 +0000"},"done":true},"minecraft:recipes/decorations/crafting_table":{"criteria":{"unlock_right_away":"2025-04-08 19:40:43 +0000"},"done":true},"minecraft:adventure/adventuring_time":{"criteria":{"minecraft:plains":"2025-04-08 19:40:44 +0000"},"done":false},"minecraft:recipes/transportation/mangrove_boat":{"criteria":{"in_water":"2025-04-08 21:00:51 +0000"},"done":true},"minecraft:adventure/minecraft_trials_edition":{"criteria":{"minecraft_trials_edition":"2025-04-08 20:59:25 +0000"},"done":true},"minecraft:recipes/transportation/acacia_boat":{"criteria":{"in_water":"2025-04-08 21:00:51 +0000"},"done":true},"minecraft:recipes/transportation/cherry_boat":{"criteria":{"in_water":"2025-04-08 21:00:51 +0000"},"done":true},"minecraft:adventure/root":{"criteria":{"killed_something":"2025-04-08 20:52:42 +0000"},"done":true},"minecraft:adventure/kill_all_mobs":{"criteria":{"minecraft:creeper":"2025-04-08 21:00:24 +0000","minecraft:slime":"2025-04-08 20:57:52 +0000"},"done":false},"minecraft:adventure/kill_a_mob":{"criteria":{"minecraft:slime":"2025-04-08 20:57:52 +0000"},"done":true},"minecraft:recipes/transportation/pale_oak_boat":{"criteria":{"in_water":"2025-04-08 21:00:51 +0000"},"done":true},"minecraft:recipes/transportation/bamboo_raft":{"criteria":{"in_water":"2025-04-08 21:00:51 +0000"},"done":true},"minecraft:recipes/transportation/spruce_boat":{"criteria":{"in_water":"2025-04-08 21:00:51 +0000"},"done":true},"minecraft:recipes/transportation/birch_boat":{"criteria":{"in_water":"2025-04-08 21:00:51 +0000"},"done":true},"minecraft:recipes/transportation/oak_boat":{"criteria":{"in_water":"2025-04-08 21:00:51 +0000"},"done":true},"minecraft:recipes/transportation/jungle_boat":{"criteria":{"in_water":"2025-04-08 21:00:51 +0000"},"done":true},"minecraft:recipes/transportation/dark_oak_boat":{"criteria":{"in_water":"2025-04-08 21:00:51 +0000"},"done":true},"DataVersion":4189}